{
  "extrinsics": {
    "cam0": {
      "R_cam_from_world": [
        [
          0.758183866604003,
          -0.6520335560005135,
          0.0030767305258927735
        ],
        [
          -0.4647232849493901,
          -0.5436775293776097,
          -0.6988898428763338
        ],
        [
          0.457372378754174,
          0.5284571750853458,
          -0.7152227074510181
        ]
      ],
      "t_cam_from_world": [
        -0.00925314592061117,
        2.096528359692119,
        5.846018178658089
      ],
      "R_world_from_cam": [
        [
          0.758183866604003,
          -0.4647232849493901,
          0.457372378754174
        ],
        [
          -0.6520335560005135,
          -0.5436775293776097,
          0.5284571750853458
        ],
        [
          0.0030767305258927735,
          -0.6988898428763338,
          -0.7152227074510181
        ]
      ],
      "t_world_from_cam": [
        -1.6924861083549758,
        -1.9555682549625364,
        5.646475794875226
      ],
      "T_cam_from_world_4x4": [
        [
          0.758183866604003,
          -0.6520335560005135,
          0.0030767305258927735,
          -0.00925314592061117
        ],
        [
          -0.4647232849493901,
          -0.5436775293776097,
          -0.6988898428763338,
          2.096528359692119
        ],
        [
          0.457372378754174,
          0.5284571750853458,
          -0.7152227074510181,
          5.846018178658089
        ],
        [
          0.0,
          0.0,
          0.0,
          1.0
        ]
      ],
      "T_world_from_cam_4x4": [
        [
          0.758183866604003,
          -0.4647232849493901,
          0.457372378754174,
          -1.6924861083549758
        ],
        [
          -0.6520335560005135,
          -0.5436775293776097,
          0.5284571750853458,
          -1.9555682549625364
        ],
        [
          0.0030767305258927735,
          -0.6988898428763338,
          -0.7152227074510181,
          5.646475794875226
        ],
        [
          0.0,
          0.0,
          0.0,
          1.0
        ]
      ],
      "quaternion_world_from_cam_wxyz": [
        -0.35330002468701277,
        0.8684877810643956,
        -0.32146590467318836,
        0.13254334698749376
      ],
      "euler_zyx_world_from_cam_radians": [
        -0.7102675431106469,
        -0.0030767353801074713,
        -2.367743880910512
      ],
      "metrics": {
        "num_points": 54,
        "rms_reproj_error_px": 0.5975925326347351
      }
    },
    "cam1": {
      "R_cam_from_world": [
        [
          -0.10303910777152903,
          0.9946760370941764,
          0.0015885528859980735
        ],
        [
          0.409586660192394,
          0.04388459732417915,
          -0.9112150733554262
        ],
        [
          -0.9064335111093849,
          -0.09324013807539633,
          -0.411927865760006
        ]
      ],
      "t_cam_from_world": [
        -0.004624382631761102,
        2.733543673874784,
        5.15269464896178
      ],
      "R_world_from_cam": [
        [
          -0.10303910777152903,
          0.409586660192394,
          -0.9064335111093849
        ],
        [
          0.9946760370941764,
          0.04388459732417915,
          -0.09324013807539633
        ],
        [
          0.0015885528859980735,
          -0.9112150733554262,
          -0.411927865760006
        ]
      ],
      "t_world_from_cam": [
        3.550475586200175,
        0.3650772597236672,
        4.613392055046278
      ],
      "T_cam_from_world_4x4": [
        [
          -0.10303910777152903,
          0.9946760370941764,
          0.0015885528859980735,
          -0.004624382631761102
        ],
        [
          0.409586660192394,
          0.04388459732417915,
          -0.9112150733554262,
          2.733543673874784
        ],
        [
          -0.9064335111093849,
          -0.09324013807539633,
          -0.411927865760006,
          5.15269464896178
        ],
        [
          0.0,
          0.0,
          0.0,
          1.0
        ]
      ],
      "T_world_from_cam_4x4": [
        [
          -0.10303910777152903,
          0.409586660192394,
          -0.9064335111093849,
          3.550475586200175
        ],
        [
          0.9946760370941764,
          0.04388459732417915,
          -0.09324013807539633,
          0.3650772597236672
        ],
        [
          0.0015885528859980735,
          -0.9112150733554262,
          -0.411927865760006,
          4.613392055046278
        ],
        [
          0.0,
          0.0,
          0.0,
          1.0
        ]
      ],
      "quaternion_world_from_cam_wxyz": [
        -0.36363361498651503,
        0.5623620187797842,
        0.6242698877199897,
        -0.4022519871571001
      ],
      "euler_zyx_world_from_cam_radians": [
        1.6740187706172256,
        -0.0015885535541177722,
        -1.9953656557463375
      ],
      "metrics": {
        "num_points": 54,
        "rms_reproj_error_px": 0.6758260130882263
      }
    },
    "cam2": {
      "R_cam_from_world": [
        [
          0.6208998884988324,
          -0.7838846593846704,
          0.0028581888526504895
        ],
        [
          -0.4008709143002534,
          -0.32065121333358304,
          -0.8581872228457961
        ],
        [
          0.673636280592292,
          0.5317025861974722,
          -0.5133288627193124
        ]
      ],
      "t_cam_from_world": [
        -0.008606316801909127,
        2.5744551342512354,
        5.522408776182301
      ],
      "R_world_from_cam": [
        [
          0.6208998884988324,
          -0.4008709143002534,
          0.673636280592292
        ],
        [
          -0.7838846593846704,
          -0.32065121333358304,
          0.5317025861974722
        ],
        [
          0.0028581888526504895,
          -0.8581872228457961,
          -0.5133288627193124
        ]
      ],
      "t_world_from_cam": [
        -2.682727063262711,
        -2.1175232255800367,
        5.044200917031725
      ],
      "T_cam_from_world_4x4": [
        [
          0.6208998884988324,
          -0.7838846593846704,
          0.0028581888526504895,
          -0.008606316801909127
        ],
        [
          -0.4008709143002534,
          -0.32065121333358304,
          -0.8581872228457961,
          2.5744551342512354
        ],
        [
          0.673636280592292,
          0.5317025861974722,
          -0.5133288627193124,
          5.522408776182301
        ],
        [
          0.0,
          0.0,
          0.0,
          1.0
        ]
      ],
      "T_world_from_cam_4x4": [
        [
          0.6208998884988324,
          -0.4008709143002534,
          0.673636280592292,
          -2.682727063262711
        ],
        [
          -0.7838846593846704,
          -0.32065121333358304,
          0.5317025861974722,
          -2.1175232255800367
        ],
        [
          0.0028581888526504895,
          -0.8581872228457961,
          -0.5133288627193124,
          5.044200917031725
        ],
        [
          0.0,
          0.0,
          0.0,
          1.0
        ]
      ],
      "quaternion_world_from_cam_wxyz": [
        -0.4435425042895936,
        0.7834028281401159,
        -0.37807993893054465,
        0.21588333777496516
      ],
      "euler_zyx_world_from_cam_radians": [
        -0.9009029312129567,
        -0.0028581927442049215,
        -2.1098580059316316
      ],
      "metrics": {
        "num_points": 54,
        "rms_reproj_error_px": 0.7236213088035583
      }
    }
  }
}